Workbook

Sheet Backlog
A1: ID | B1: Typ zgłoszenia | C1: Epik ID | D1: Epik | E1: Podsumowanie | F1: Opis (Jako / Chcę / Aby) | G1: Kryteria akceptacji | H1: Priorytet | I1: Story points | J1: Faza | K1: Ref. FR/NFR | L1: Stan wdrożenia
A2: E1 | B2: Epik | C2: E1 | D2: Rejestracja i zarządzanie nieobecnościami | E2: Rejestracja i zarządzanie nieobecnościami | F2: Pracownicy samodzielnie wpisują i edytują nieobecności bez blokad pliku.
A3: US-A1 | B3: Historyjka | C3: E1 | D3: Rejestracja i zarządzanie nieobecnościami | E3: Samoobsługowy wpis nieobecności | F3: Jako pracownik (UoP/B2B/OUT) chcę wpisać własną nieobecność (typ, data od–do), aby zaplanować dni wolne bez plików Excel. | G3: • Formularz dostępny po zalogowaniu • Od logowania do zapisu maks. 3 kliknięcia • Wpis zapisywany i widoczny natychmiast | H3: Must | I3: 5 | J3: MVP | K3: FR-A1 | L3: Zrealizowane
A4: US-A2 | B4: Historyjka | C4: E1 | D4: Rejestracja i zarządzanie nieobecnościami | E4: Wpis przez zakres dat z pomijaniem weekendów i świąt | F4: Jako pracownik chcę podać zakres dat i mieć policzone tylko dni robocze, aby nie liczyć ręcznie weekendów i świąt. | G4: • Weekendy nie są naliczane • Dni z tabeli świąt nie są naliczane • Liczba dni roboczych pokazana przed zapisem | H4: Must | I4: 5 | J4: MVP | K4: FR-A2 | L4: Zrealizowane
A5: US-A3 | B5: Historyjka | C5: E1 | D5: Rejestracja i zarządzanie nieobecnościami | E5: Obsługa niepełnych dni (pół dnia / godziny) | F5: Jako pracownik chcę wpisać pół dnia (AM/PM) lub konkretne godziny, aby odwzorować krótsze nieobecności w systemie 8-godzinnym. | G5: • Wybór AM/PM lub zakresu godzin • Przeliczenie na ułamek dnia w balansie i capacity | H5: Should | I5: 5 | J5: Faza 2 | K5: FR-A3 | L5: Zrealizowane
A6: US-A4 | B6: Historyjka | C6: E1 | D6: Rejestracja i zarządzanie nieobecnościami | E6: Edycja i usuwanie własnych wpisów | F6: Jako pracownik chcę edytować lub usunąć swój wpis, aby poprawić pomyłkę bez udziału innych. | G6: • Edycja/usuwanie tylko własnych wpisów • Balans i capacity aktualizują się < 1 s | H6: Must | I6: 3 | J6: MVP | K6: FR-A4 | L6: Zrealizowane
A7: US-A5 | B7: Historyjka | C7: E1 | D7: Rejestracja i zarządzanie nieobecnościami | E7: Korekta wpisów zespołu przez lidera | F7: Jako lider chcę poprawić wpis członka zespołu na etapie weryfikacji, aby skorygować błędy bez czekania na pracownika. | G7: • Lider edytuje wpisy tylko w swoim zespole • Zmiana odnotowana w historii (FR-I1) | H7: Should | I7: 3 | J7: Faza 2 | K7: FR-A5 | L7: Zrealizowane
A8: US-A6 | B8: Historyjka | C8: E1 | D8: Rejestracja i zarządzanie nieobecnościami | E8: Wielodostęp w czasie rzeczywistym | F8: Jako zespół chcę wpisywać nieobecności równocześnie z innymi, aby uniknąć blokad i „kolejek” znanych z Excela. | G8: • Brak blokad typu check-out • Równoczesne zapisy nie powodują utraty danych ani konfliktów | H8: Must | I8: 8 | J8: MVP | K8: FR-A6 | L8: Zrealizowane
A9: US-A7 | B9: Historyjka | C9: E1 | D9: Rejestracja i zarządzanie nieobecnościami | E9: Walidacja wpisu | F9: Jako pracownik chcę otrzymać czytelny komunikat przy błędnym wpisie, aby uniknąć przekroczenia puli i kolizji. | G9: • Kontrola przekroczenia puli, kolizji i zakresu dat • Zapis zablokowany do czasu poprawy • Komunikat wskazuje konkretny problem | H9: Must | I9: 3 | J9: MVP | K9: FR-A7 | L9: Zrealizowane
A10: US-A8 | B10: Historyjka | C10: E1 | D10: Rejestracja i zarządzanie nieobecnościami | E10: Wybór typu nieobecności z listy | F10: Jako pracownik chcę wybrać typ nieobecności z listy administratora, aby umożliwić właściwe wyliczenia (np. L4). | G10: • Lista typów konfigurowalna przez admina • Prezentacja w UI jednolita niezależnie od typu (D1) | H10: Should | I10: 2 | J10: MVP | K10: FR-A8 | L10: Zrealizowane
A11: US-A9 | B11: Historyjka | C11: E1 | D11: Rejestracja i zarządzanie nieobecnościami | E11: Proaktywna asysta przy wpisie | F11: Jako pracownik chcę widzieć dostępny balans i kolizje przed zapisem, aby ograniczyć liczbę błędnych wpisów. | G11: • Dostępny balans i skutek wpisu widoczne na żywo • Dni niedostępne wyróżnione • Ostrzeżenie o kolizji przed zapisem | H11: Should | I11: 5 | J11: Faza 2 | K11: FR-A9 | L11: Zrealizowane
A12: US-A10 | B12: Historyjka | C12: E1 | D12: Rejestracja i zarządzanie nieobecnościami | E12: Operacje masowe | F12: Jako lider / administrator chcę wpisać nieobecność dla wielu osób naraz, aby obsłużyć np. wyjazd całego squadu jednym działaniem. | G12: • Jeden formularz tworzy wpisy dla wielu osób • Walidacja wykonywana per osoba | H12: Could | I12: 5 | J12: Faza 3 | K12: FR-A10 | L12: Zrealizowane
A13: US-A11 | B13: Historyjka | C13: E1 | D13: Rejestracja i zarządzanie nieobecnościami | E13: Potwierdzenia i cofanie operacji | F13: Jako pracownik chcę potwierdzać usuwanie i móc cofnąć ostatnią operację, aby uniknąć przypadkowej utraty wpisu. | G13: • Usunięcie wymaga potwierdzenia • Funkcja „cofnij” przywraca wpis i balans | H13: Should | I13: 3 | J13: Faza 2 | K13: FR-A11 | L13: Zrealizowane
A14: E2 | B14: Epik | C14: E2 | D14: Wyliczenia, pula i balans | E14: Wyliczenia, pula i balans | F14: Poprawne, odrębne liczenie urlopu dla UoP i B2B/OUT wraz z przypadkami brzegowymi.
A15: US-B1 | B15: Historyjka | C15: E2 | D15: Wyliczenia, pula i balans | E15: Odrębne reguły liczenia UoP vs B2B/OUT | F15: Jako system chcę liczyć dni wg roku kalendarzowego (UoP) i budżetowego (B2B/OUT), aby zapewnić poprawne salda dla obu form (warunek akceptacji). | G15: • UoP rozliczany w roku kalendarzowym • B2B/OUT w roku budżetowym (−1 mc) • Właściwy okres dobierany wg formy zatrudnienia | H15: Must | I15: 8 | J15: MVP | K15: FR-B1 | L15: Zrealizowane
A16: US-B2 | B16: Historyjka | C16: E2 | D16: Wyliczenia, pula i balans | E16: Licznik na żywo: pula / wykorzystano / pozostało | F16: Jako pracownik chcę widzieć aktualny licznik wykorzystania, aby wiedzieć ile dni zostało do rozplanowania. | G16: • Trzy wartości: pula, wykorzystano, pozostało • Aktualizacja < 1 s po zmianie wpisu | H16: Must | I16: 5 | J16: MVP | K16: FR-B2 | L16: Zrealizowane
A17: US-B3 | B17: Historyjka | C17: E2 | D17: Wyliczenia, pula i balans | E17: Pula urlopu: globalna + korekta indywidualna | F17: Jako administrator chcę ustawić pulę globalnie i korygować ją per osoba, aby zarządzać limitami bez integracji z TETA. | G17: • Pula globalna propaguje się do pracowników • Korekta indywidualna nadpisuje wartość globalną | H17: Must | I17: 5 | J17: MVP | K17: FR-B3 | L17: Zrealizowane
A18: US-B4 | B18: Historyjka | C18: E2 | D18: Wyliczenia, pula i balans | E18: Urlop zaległy i minimum do pozostawienia | F18: Jako pracownik (UoP) chcę widzieć urlop zaległy i minimum do pozostawienia, aby planować wykorzystanie zgodnie z zasadami. | G18: • Balans uwzględnia urlop zaległy • Minimum do pozostawienia wyróżnione | H18: Should | I18: 3 | J18: Faza 2 | K18: FR-B4 | L18: Zrealizowane
A19: US-B5 | B19: Historyjka | C19: E2 | D19: Wyliczenia, pula i balans | E19: Algorytm L4 (capacity, bez obniżania puli) | F19: Jako system chcę traktować L4 dla UoP jako wpływające na capacity, lecz nie na pulę urlopu, aby poprawnie odwzorować chorobowe. | G19: • Wpis L4 zmniejsza dostępność w capacity • Wpis L4 nie pomniejsza puli urlopu UoP | H19: Must | I19: 3 | J19: MVP | K19: FR-B5 | L19: Zrealizowane
A20: US-B6 | B20: Historyjka | C20: E2 | D20: Wyliczenia, pula i balans | E20: Wymiar B2B/OUT ustalany per okres | F20: Jako administrator chcę ustawić wymiar B2B/OUT dla danego okresu, aby odwzorować różny wymiar (np. odbiory za święta). | G20: • Wymiar ustawiany w panelu admina • Możliwa korekta indywidualna | H20: Must | I20: 3 | J20: MVP | K20: FR-B6 | L20: Zrealizowane
A21: US-B7 | B21: Historyjka | C21: E2 | D21: Wyliczenia, pula i balans | E21: Przełom okresu — rolowanie/wygaszanie urlopu | F21: Jako pracownik chcę, żeby niewykorzystane dni przeszły na kolejny okres rozliczeniowy, aby nie tracić urlopu na przełomie roku. | G21: • Niewykorzystane dni przechodzą do kolejnego okresu jako zaległe, bez terminu wygaśnięcia • Przeniesienie następuje bez działania administratora (także dla osoby bez wiersza puli w nowym okresie) • Zaległe kumulują się przez kolejne okresy • Ręczna korekta administratora nadpisuje wartość wyliczoną i staje się podstawą kolejnych okresów • Licznik na pulpicie i raport wykorzystania pokazują tę samą liczbę dni zaległych | H21: Must | I21: 8 | J21: MVP | K21: FR-B7 | L21: Zrealizowane — reguła rozstrzygnięta (urlop nie przepada); kryteria akceptacji poprawione 10.08.2026
A22: US-B8 | B22: Historyjka | C22: E2 | D22: Wyliczenia, pula i balans | E22: Zmiana formy zatrudnienia w trakcie roku | F22: Jako system chcę zastosować właściwe reguły po zmianie formy (np. B2B→UoP), aby zachować poprawność wyliczeń i historię. | G22: • Po dacie zmiany obowiązuje właściwy okres • Historia sprzed zmiany zachowana | H22: Should | I22: 5 | J22: Faza 2 | K22: FR-B8 | L22: Zrealizowane
A23: US-B9 | B23: Historyjka | C23: E2 | D23: Wyliczenia, pula i balans | E23: Proporcjonalne naliczanie puli (proration) | F23: Jako system chcę naliczać pulę proporcjonalnie przy wejściu/odejściu w trakcie okresu, aby sprawiedliwie liczyć limit dla nowych i odchodzących. | G23: • Pula proporcjonalna do okresu zatrudnienia • Nieobecności po dacie odejścia sygnalizowane | H23: Should | I23: 5 | J23: Faza 2 | K23: FR-B9 | L23: Zrealizowane
A24: US-B10 | B24: Historyjka | C24: E2 | D24: Wyliczenia, pula i balans | E24: Konwersja zaplanowanej nieobecności na L4 | F24: Jako osoba z uprawnieniem rozszerzonym chcę zamienić zaplanowany urlop na L4 po fakcie, aby oddać dzień do puli, gdy pracownik zachorował. | G24: • Dzień zamieniony na L4 wraca do puli UoP • Zmiana odnotowana w historii | H24: Should | I24: 3 | J24: Faza 2 | K24: FR-B10 | L24: Zrealizowane
A25: E3 | B25: Epik | C25: E3 | D25: Kalendarz i widoki zespołu | E25: Kalendarz i widoki zespołu | F25: Wspólny, jednolity widok nieobecności w obrębie Tribe.
A26: US-C1 | B26: Historyjka | C26: E3 | D26: Kalendarz i widoki zespołu | E26: Kalendarz zespołu (tydzień/miesiąc) | F26: Jako lider / pracownik chcę widzieć nieobecności zespołu w kalendarzu, aby planować pracę z wyprzedzeniem. | G26: • Widok tygodniowy i miesięczny • Prezentacja osób w obrębie Tribe • Możliwość filtrowania | H26: Must | I26: 8 | J26: MVP | K26: FR-C1 | L26: Zrealizowane
A27: US-C2 | B27: Historyjka | C27: E3 | D27: Kalendarz i widoki zespołu | E27: Filtr „kto dziś / w tym tygodniu nieobecny” | F27: Jako lider chcę szybko zawęzić widok do nieobecnych, aby ocenić bieżącą dostępność zespołu. | G27: • Filtr zawęża do wybranego horyzontu • Wynik aktualny na bieżący dzień/tydzień | H27: Should | I27: 2 | J27: Faza 2 | K27: FR-C2 | L27: Zrealizowane
A28: US-C3 | B28: Historyjka | C28: E3 | D28: Kalendarz i widoki zespołu | E28: Jednolita prezentacja nieobecności | F28: Jako pracownik chcę widzieć wszystkie nieobecności jednolicie (bez kolorów per typ), aby chronić prywatność i uprościć odbiór. | G28: • Brak kolorów per typ • L4 wyświetlane jak zwykła nieobecność (bez etykiety „chorobowe”) | H28: Must | I28: 3 | J28: MVP | K28: FR-C3 | L28: Zrealizowane
A29: US-C4 | B29: Historyjka | C29: E3 | D29: Kalendarz i widoki zespołu | E29: Heatmapa pokrycia zespołu | F29: Jako lider chcę zobaczyć natężenie nieobecności w czasie, aby wykryć okresy ryzyka pokrycia. | G29: • Okresy o wysokim odsetku nieobecności wyróżnione | H29: Could | I29: 5 | J29: Faza 3 | K29: FR-C4 | L29: Zrealizowane
A30: US-C5 | B30: Historyjka | C30: E3 | D30: Kalendarz i widoki zespołu | E30: Pulpit startowy | F30: Jako pracownik chcę mieć po zalogowaniu mój balans, kto nieobecny i przypomnienia, aby od razu widzieć najważniejsze informacje. | G30: • Domyślny ekran prezentuje balans, listę nieobecnych i przypomnienia • Brak dodatkowej nawigacji do kluczowych danych | H30: Should | I30: 5 | J30: Faza 2 | K30: FR-C5 | L30: Zrealizowane
A31: E4 | B31: Epik | C31: E4 | D31: Planowanie capacity i sprinty | E31: Planowanie capacity i sprinty | F31: Wsparcie planowania sprintów i ostrzeganie o ryzyku pokrycia ról.
A32: US-D1 | B32: Historyjka | C32: E4 | D32: Planowanie capacity i sprinty | E32: Widok sprintowy nieobecności | F32: Jako Product Owner / Agile PM chcę widzieć nieobecności w podziale na sprinty, aby planować zakres sprintu realistycznie. | G32: • Wybór sprintu • Podgląd nieobecności i capacity squadu w sprincie | H32: Should | I32: 5 | J32: Faza 2 | K32: FR-D1 | L32: Zrealizowane
A33: US-D2 | B33: Historyjka | C33: E4 | D33: Planowanie capacity i sprinty | E33: Wyliczenie capacity squadu per sprint | F33: Jako Product Owner / Agile PM chcę mieć policzone capacity squadu na sprint, aby oszacować realny potencjał wykonawczy. | G33: • Capacity pomniejszone o nieobecności i niepełne dni • Przeliczane automatycznie na bazie wpisów i kalendarza sprintów | H33: Must | I33: 5 | J33: MVP | K33: FR-D2 | L33: Zrealizowane
A34: US-D3 | B34: Historyjka | C34: E4 | D34: Planowanie capacity i sprinty | E34: Alert kolizji kluczowych ról | F34: Jako Product Owner / lider chcę otrzymać ostrzeżenie, gdy kluczowe role są nieobecne jednocześnie, aby ograniczyć ryzyko ciągłości. | G34: • Role kluczowe oznacza administrator • System sygnalizuje nakładające się nieobecności kluczowych ról | H34: Must | I34: 5 | J34: MVP | K34: FR-D3 | L34: Zrealizowane
A35: US-D4 | B35: Historyjka | C35: E4 | D35: Planowanie capacity i sprinty | E35: Import harmonogramu sprintów | F35: Jako administrator chcę zaimportować harmonogram sprintów z pliku .xlsx, aby zasilić widoki i wyliczenia sprintowe. | G35: • Import .xlsx ram sprintów • Ramy używane w widokach i capacity | H35: Must | I35: 3 | J35: MVP | K35: FR-D4 | L35: Zrealizowane — układ kolumn pliku konfigurowalny do czasu decyzji zamawiającego
A36: E5 | B36: Epik | C36: E5 | D36: Powiadomienia | E36: Powiadomienia | F36: Informowanie liderów i pracowników o istotnych zdarzeniach.
A37: US-E1 | B37: Historyjka | C37: E5 | D37: Powiadomienia | E37: Powiadomienie lidera o nieobecności B2B/OUT | F37: Jako lider chcę dostać e-mail o planowanej nieobecności B2B/OUT, aby być informowanym bez formalnej akceptacji. | G37: • E-mail do lidera < 5 min od zapisania wpisu B2B/OUT • Charakter informacyjny (bez zatwierdzania) | H37: Should | I37: 3 | J37: Faza 2 | K37: FR-E1 | L37: Zrealizowane
A38: US-E2 | B38: Historyjka | C38: E5 | D38: Powiadomienia | E38: Wpis bez formalnej akceptacji | F38: Jako pracownik chcę mieć wpis obowiązujący od zapisania, aby uniknąć zbędnego obiegu akceptacji. | G38: • Wpis widoczny i uwzględniony w wyliczeniach bez zatwierdzania | H38: Must | I38: 1 | J38: MVP | K38: FR-E2 | L38: Zrealizowane
A39: US-E3 | B39: Historyjka | C39: E5 | D39: Powiadomienia | E39: Przypomnienia o zaległym/niewybranym urlopie | F39: Jako pracownik chcę otrzymywać przypomnienia o zaległym urlopie, aby wykorzystać dni zanim przepadną. | G39: • Przypomnienie wg reguły administratora • Opcjonalna kopia do lidera | H39: Should | I39: 5 | J39: Faza 2 | K39: FR-E3 | L39: Zrealizowane
A40: US-E4 | B40: Historyjka | C40: E5 | D40: Powiadomienia | E40: Kanał powiadomień e-mail | F40: Jako system chcę wysyłać powiadomienia e-mailem, aby dostarczać informacje w MVP bez dodatkowych kanałów. | G40: • Powiadomienia dostarczane e-mailem < 5 min od zdarzenia | H40: Should | I40: 3 | J40: Faza 2 | K40: FR-E4 | L40: Zrealizowane
A41: E6 | B41: Epik | C41: E6 | D41: Raporty i eksport | E41: Raporty i eksport | F41: Raportowanie z drążeniem hierarchii i eksportem do Excela.
A42: US-F1 | B42: Historyjka | C42: E6 | D42: Raporty i eksport | E42: Eksport danych i raportów do Excela | F42: Jako lider / PMO chcę wyeksportować dane do .xlsx, aby pracować dalej w arkuszu i archiwizować. | G42: • Eksport zawiera wymagane pola • Plik otwiera się poprawnie w Excelu | H42: Must | I42: 5 | J42: MVP | K42: FR-F1 | L42: Zrealizowane
A43: US-F2 | B43: Historyjka | C43: E6 | D43: Raporty i eksport | E43: Raporty predefiniowane per rola | F43: Jako lider / dyrektor chcę generować gotowe raporty w swoim zakresie, aby szybko ocenić wykorzystanie i nieobecności. | G43: • Raport per pracownik, squad/sprint, Tribe, departament • Ujęcie roczne, miesięczne i sprintowe • Informacja o formie współpracy | H43: Must | I43: 8 | J43: MVP | K43: FR-F2 | L43: Zrealizowane
A44: US-F3 | B44: Historyjka | C44: E6 | D44: Raporty i eksport | E44: Agregacja i drążenie hierarchii | F44: Jako dyrektor / lider chcę drążyć dane pion › departament › Tribe › squad › osoba, aby analizować na dowolnym poziomie. | G44: • Przechodzenie między poziomami • Dane sumują się automatycznie w górę | H44: Must | I44: 5 | J44: MVP | K44: FR-F3 | L44: Zrealizowane
A45: US-F4 | B45: Historyjka | C45: E6 | D45: Raporty i eksport | E45: Eksport do kalendarza Outlook/iCal | F45: Jako pracownik chcę wyeksportować nieobecności do kalendarza, aby widzieć je w Outlooku. | G45: • Nieobecności jako wydarzenia kalendarzowe • Funkcja po MVP | H45: Could | I45: 5 | J45: Faza 3 | K45: FR-F4 | L45: Zrealizowane
A46: US-F5 | B46: Historyjka | C46: E6 | D46: Raporty i eksport | E46: Raport „kto zalega” | F46: Jako lider / dyrektor chcę zobaczyć osoby zalegające z wybraniem urlopu, aby reagować na ryzyko kumulacji. | G46: • Raport wskazuje osoby z zaległym/niewybranym urlopem | H46: Should | I46: 3 | J46: Faza 2 | K46: FR-F5 | L46: Zrealizowane
A47: US-F6 | B47: Historyjka | C47: E6 | D47: Raporty i eksport | E47: Stabilny schemat eksportu dla PMO/płac | F47: Jako PMO chcę mieć udokumentowany, stabilny format eksportu, aby umożliwić późniejszą integrację bez przebudowy. | G47: • Udokumentowany schemat pól • Zmiany wersjonowane | H47: Should | I47: 5 | J47: Faza 2 | K47: FR-F6 | L47: Zrealizowane
A48: E7 | B48: Epik | C48: E7 | D48: Administracja | E48: Administracja | F48: Konfiguracja typów, puli, świąt, struktury i sprintów.
A49: US-G1 | B49: Historyjka | C49: E7 | D49: Administracja | E49: Zarządzanie typami nieobecności | F49: Jako administrator chcę dodawać/edytować typy i ich reguły w trybie live, aby dostosować słownik typów bez zmian w kodzie. | G49: • Edycja typów i reguł (limity, wpływ na algorytm, kategoria szczególna) • Zmiany widoczne natychmiast | H49: Must | I49: 5 | J49: MVP | K49: FR-G1 | L49: Zrealizowane
A50: US-G2 | B50: Historyjka | C50: E7 | D50: Administracja | E50: Zarządzanie pulą urlopu | F50: Jako administrator chcę ustawiać pulę globalną i korekty, aby utrzymywać limity urlopowe. | G50: • Wartość globalna i korekta indywidualna • Zmiany odzwierciedlone w licznikach | H50: Must | I50: 3 | J50: MVP | K50: FR-G2 | L50: Zrealizowane
A51: US-G3 | B51: Historyjka | C51: E7 | D51: Administracja | E51: Tabela świąt i dni wolnych | F51: Jako administrator chcę zarządzać świętami i dniami wolnymi (w tym odbiorami), aby poprawnie pomijać dni przy liczeniu. | G51: • Dodawanie/edycja dni • Dni pomijane przy liczeniu nieobecności i capacity | H51: Must | I51: 5 | J51: MVP | K51: FR-G3 | L51: Zrealizowane
A52: US-G4 | B52: Historyjka | C52: E7 | D52: Administracja | E52: Zarządzanie strukturą organizacyjną | F52: Jako administrator chcę budować hierarchię jednostek i przypisywać osoby do wielu jednostek, aby odwzorować strukturę Tribe/squad. | G52: • Hierarchia pion›departament›Tribe›chapter/squad • Jedna osoba może należeć do wielu jednostek • Dane osoby agregują się we wszystkich jednostkach | H52: Must | I52: 8 | J52: MVP | K52: FR-G4 | L52: Zrealizowane
A53: US-G5 | B53: Historyjka | C53: E7 | D53: Administracja | E53: Zarządzanie pracownikami i import .xlsx | F53: Jako administrator chcę zaimportować pracowników z .xlsx i ręcznie budować drzewo, aby zasilić aplikację bez integracji z AD. | G53: • Import .xlsx listy pracowników • Ręczne budowanie/edycja drzewa • Utrzymanie formy zatrudnienia każdej osoby | H53: Must | I53: 8 | J53: MVP | K53: FR-G5 | L53: Zrealizowane — układ kolumn pliku konfigurowalny do czasu decyzji zamawiającego
A54: US-G6 | B54: Historyjka | C54: E7 | D54: Administracja | E54: Zarządzanie definicjami sprintów | F54: Jako administrator chcę definiować i aktualizować ramy sprintów, aby utrzymywać aktualny harmonogram. | G54: • Tworzenie/aktualizacja ram sprintów • Ramy używane w widokach sprintowych | H54: Should | I54: 3 | J54: MVP | K54: FR-G6 | L54: Zrealizowane
A55: US-G7 | B55: Historyjka | C55: E7 | D55: Administracja | E55: Wiele kalendarzy świąt | F55: Jako administrator chcę przypisywać kalendarz świąt do osoby/lokalizacji, aby obsłużyć B2B/OUT z innych lokalizacji. | G55: • Wpisy uwzględniają kalendarz właściwy dla osoby • Domyślnie jeden kalendarz organizacji | H55: Should | I55: 5 | J55: Faza 2 | K55: FR-G7 | L55: Zrealizowane
A56: E8 | B56: Epik | C56: E8 | D56: Uprawnienia, role i logowanie | E56: Uprawnienia, role i logowanie | F56: Kontrola dostępu, delegacja uprawnień i uwierzytelnianie.
A57: US-H1 | B57: Historyjka | C57: E8 | D57: Uprawnienia, role i logowanie | E57: Widoczność w obrębie Tribe + filtry squad | F57: Jako pracownik chcę widzieć nieobecności osób w swoim Tribe z filtrem squadu, aby mieć wspólny obraz zespołu. | G57: • Widoczność w obrębie Tribe • Filtry zawężają do squadu | H57: Must | I57: 5 | J57: MVP | K57: FR-H1 | L57: Zrealizowane
A58: US-H2 | B58: Historyjka | C58: E8 | D58: Uprawnienia, role i logowanie | E58: Widoki wg roli (podstawowy RBAC) | F58: Jako administrator chcę ograniczyć zakres danych i funkcji do roli, aby chronić dane i uprościć interfejs. | G58: • Każda rola ma adekwatny zakres • Model ogranicza edycję cudzych danych • Pełny RBAC etapowo | H58: Should | I58: 8 | J58: MVP | K58: FR-H2 | L58: Zrealizowane
A59: US-H3 | B59: Historyjka | C59: E8 | D59: Uprawnienia, role i logowanie | E59: Brak wyróżnienia chorobowego | F59: Jako pracownik chcę nie widzieć etykiety „chorobowe” w żadnym widoku, aby chronić dane wrażliwe współpracowników. | G59: • Etykieta „chorobowe” nie pojawia się w UI ani w eksportach widocznych dla zespołu | H59: Must | I59: 2 | J59: MVP | K59: FR-H3 | L59: Zrealizowane
A60: US-H4 | B60: Historyjka | C60: E8 | D60: Uprawnienia, role i logowanie | E60: Zarządzanie rolami i delegacja uprawnień | F60: Jako administrator / menedżer chcę nadawać uprawnienia rozszerzone wskazanym osobom, aby umożliwić np. dodawanie L4 w imieniu innych. | G60: • Nadawanie/odbieranie uprawnień • Zakres uprawnień widoczny i audytowalny | H60: Must | I60: 5 | J60: MVP | K60: FR-H4 | L60: Zrealizowane
A61: US-H5 | B61: Historyjka | C61: E8 | D61: Uprawnienia, role i logowanie | E61: Logowanie w aplikacji (docelowo SSO) | F61: Jako użytkownik chcę logować się kontem w aplikacji, aby bezpiecznie korzystać z systemu w MVP. | G61: • Logowanie kontem w aplikacji • Architektura przygotowana na późniejsze SSO przez AD | H61: Must | I61: 5 | J61: MVP | K61: FR-H5 | L61: Zrealizowane — logowanie kontem w aplikacji; SSO/OIDC poza zakresem historyjki (przygotowany szew AuthProvider)
A62: E9 | B62: Epik | C62: E9 | D62: Audyt i historia | E62: Audyt i historia | F62: Śledzenie zmian i wgląd we własną historię wpisów.
A63: US-I1 | B63: Historyjka | C63: E9 | D63: Audyt i historia | E63: Historia zmian wpisu | F63: Jako administrator / lider chcę mieć dziennik zmian (kto, kiedy, co), aby zapewnić rozliczalność i audyt. | G63: • Każda operacja zapisana z użytkownikiem i znacznikiem czasu • Dziennik niemodyfikowalny | H63: Should | I63: 5 | J63: Faza 2 | K63: FR-I1 | L63: Zrealizowane
A64: US-I2 | B64: Historyjka | C64: E9 | D64: Audyt i historia | E64: Podgląd własnej historii i wycofanie wpisu | F64: Jako pracownik chcę widzieć swoją historię i wycofać własny wpis, aby kontrolować własne dane. | G64: • Lista z sortowaniem i filtrowaniem • Wycofanie aktualizuje balans | H64: Should | I64: 3 | J64: Faza 2 | K64: FR-I2 | L64: Zrealizowane
A65: E10 | B65: Epik | C65: E10 | D65: Bezpieczeństwo i zgodność (RODO) | E65: Bezpieczeństwo i zgodność (RODO) | F65: Ochrona danych o zdrowiu (L4) i zgodność z RODO.
A66: US-J1 | B66: Historyjka | C66: E10 | D66: Bezpieczeństwo i zgodność (RODO) | E66: Ochrona znacznika L4 (dane o zdrowiu) | F66: Jako administrator chcę ograniczyć dostęp do informacji „to jest L4” do ról uprawnionych, aby spełnić wymóg art. 9 RODO. | G66: • Tylko uprawnione role widzą znacznik L4 • Próba odczytu przez nieuprawnioną rolę blokowana i logowana | H66: Must | I66: 5 | J66: MVP | K66: FR-J1 | L66: Zrealizowane
A67: US-J2 | B67: Historyjka | C67: E10 | D67: Bezpieczeństwo i zgodność (RODO) | E67: Retencja i usuwanie danych | F67: Jako administrator chcę zdefiniować okres przechowywania i usuwać dane byłych pracowników, aby realizować prawo do bycia zapomnianym. | G67: • Zdefiniowany okres retencji • Po jego upływie dane anonimizowane lub usuwane | H67: Must | I67: 5 | J67: MVP | K67: FR-J2 | L67: Zrealizowane
A68: US-J3 | B68: Historyjka | C68: E10 | D68: Bezpieczeństwo i zgodność (RODO) | E68: Minimalizacja, podstawa prawna, rejestr czynności | F68: Jako administrator / IOD chcę przetwarzać tylko niezbędne dane i prowadzić rejestr, aby zachować zgodność z RODO. | G68: • Zakres pól ograniczony do niezbędnych • Dostępny rejestr czynności przetwarzania i podstawa prawna | H68: Should | I68: 3 | J68: Faza 2 | K68: FR-J3 | L68: Zrealizowane
A69: US-J4 | B69: Historyjka | C69: E10 | D69: Bezpieczeństwo i zgodność (RODO) | E69: Bezpieczne eksporty (bez znacznika L4) | F69: Jako administrator chcę zapewnić, że eksporty nie ujawniają L4 nieuprawnionym, aby nie wynosić danych szczególnych. | G69: • Eksport dla ról nieuprawnionych nie zawiera kategorii szczególnej | H69: Must | I69: 3 | J69: MVP | K69: FR-J4 | L69: Zrealizowane
A70: E11 | B70: Epik | C70: E11 | D70: Platforma i wymagania niefunkcjonalne | E70: Platforma i wymagania niefunkcjonalne | F70: Wydajność, bezpieczeństwo, backup, dostępność i analityka.
A71: US-N1 | B71: Historyjka | C71: E11 | D71: Platforma i wymagania niefunkcjonalne | E71: Wydajność pulpitu i licznika | F71: Jako użytkownik chcę mieć szybki pulpit i licznik, aby komfortowo korzystać przy 300 użytkownikach. | G71: • Pulpit/kalendarz ładują się < 2 s przy 300 użytkownikach • Licznik balansu odświeża się < 1 s | H71: Must | I71: 5 | J71: MVP | K71: NFR-1 | L71: Zrealizowane — zweryfikowane testem obciążeniowym 300 użytkowników (10.08.2026)
A72: US-N2 | B72: Historyjka | C72: E11 | D72: Platforma i wymagania niefunkcjonalne | E72: Monitoring dostępności (SLA) | F72: Jako zespół utrzymania chcę monitorować dostępność i otrzymywać alerty, aby reagować na incydenty. | G72: • Monitoring dostępności w godzinach pracy • Alerty przy przekroczeniu progów | H72: Should | I72: 3 | J72: Faza 2 | K72: NFR-2 | L72: Zrealizowane częściowo — sonda /api/health w aplikacji; progi i alerty po stronie monitoringu organizacji
A73: US-N3 | B73: Historyjka | C73: E11 | D73: Platforma i wymagania niefunkcjonalne | E73: Skalowalność architektury | F73: Jako architekt chcę zapewnić zapas na wzrost organizacji, aby uniknąć przebudowy w przyszłości. | G73: • Obsługa min. 300 użytkowników z zapasem • Brak twardych limitów blokujących wzrost | H73: Should | I73: 3 | J73: MVP | K73: NFR-3 | L73: Zrealizowane
A74: US-N4 | B74: Historyjka | C74: E11 | D74: Platforma i wymagania niefunkcjonalne | E74: Backup i odtwarzanie | F74: Jako zespół utrzymania chcę mieć codzienny backup i zdefiniowane RPO/RTO, aby zabezpieczyć dane przed utratą. | G74: • Codzienny backup bazy • Zdefiniowane RPO/RTO • Okresowy test odtwarzania | H74: Must | I74: 5 | J74: MVP | K74: NFR-4 | L74: Zrealizowane
A75: US-N5 | B75: Historyjka | C75: E11 | D75: Platforma i wymagania niefunkcjonalne | E75: Bezpieczeństwo danych | F75: Jako zespół bezpieczeństwa chcę szyfrować dane i kontrolować dostęp, aby chronić dane osobowe i wrażliwe. | G75: • Szyfrowanie w transmisji i w spoczynku • Kontrola dostępu oparta na rolach • Rejestrowanie zdarzeń bezpieczeństwa | H75: Must | I75: 8 | J75: MVP | K75: NFR-5 | L75: Zrealizowane
A76: US-N6 | B76: Historyjka | C76: E11 | D76: Platforma i wymagania niefunkcjonalne | E76: Responsywny interfejs (desktop + mobile) | F76: Jako pracownik chcę korzystać z aplikacji na komputerze i telefonie, aby wpisywać nieobecności z dowolnego urządzenia. | G76: • Interfejs responsywny dla desktopu i urządzeń mobilnych • Kluczowe akcje dostępne na małym ekranie | H76: Should | I76: 5 | J76: MVP | K76: NFR-6 | L76: ODSTĘPSTWO — zakres zawężony do desktopu (decyzja 07.08.2026); wymaga potwierdzenia zamawiającego
A77: US-N7 | B77: Historyjka | C77: E11 | D77: Platforma i wymagania niefunkcjonalne | E77: Dostępność cyfrowa (WCAG 2.1 AA) | F77: Jako pracownik z niepełnosprawnością chcę korzystać z aplikacji zgodnie z WCAG, aby mieć równy dostęp. | G77: • Zgodność z WCAG 2.1 AA (kontrast, klawiatura, czytniki ekranu) | H77: Should | I77: 5 | J77: Faza 2 | K77: NFR-7 | L77: Zrealizowane z zawężeniem — audyt axe 10.08.2026: 0 naruszeń na 12 ekranach; wyłączone 1.4.10 Reflow, wymaga potwierdzenia zamawiającego
A78: US-N8 | B78: Historyjka | C78: E11 | D78: Platforma i wymagania niefunkcjonalne | E78: Analityka adopcji | F78: Jako właściciel produktu chcę mierzyć użycie i satysfakcję, aby weryfikować KPI > 80% i wykrywać tarcia. | G78: • Pomiar użycia (kto wpisuje, gdzie tarcia) • Wskaźnik satysfakcji raportowany | H78: Should | I78: 3 | J78: Faza 2 | K78: NFR-8 | L78: Zrealizowane
A79: US-N9 | B79: Historyjka | C79: E11 | D79: Platforma i wymagania niefunkcjonalne | E79: Lokalizacja PL/EN | F79: Jako współpracownik OUT chcę korzystać z interfejsu w EN, aby zrozumieć aplikację bez znajomości PL. | G79: • Interfejs PL domyślnie • Opcjonalny EN (do potwierdzenia) | H79: Could | I79: 3 | J79: Faza 3 | K79: NFR-9 | L79: Niezrealizowane — potrzeba interfejsu EN nierozstrzygnięta u zamawiającego
A80: US-B11 | B80: Historyjka | C80: E2 | D80: Wyliczenia, pula i balans | E80: Nakładka L4 na zaplanowaną nieobecność | F80: Jako pracownik chcę móc zapisać zwolnienie także na zaplanowanej nieobecności, aby choroba nie wymagała kasowania planu urlopu. | G80: • Zapis chorobowego nie jest nigdy blokowany kolizją • Oba wpisy zostają w bazie; usunięcie L4 przywraca pierwotny plan • Dzień kalendarzowy liczy się najwyżej raz i należy do L4 • Capacity obniża każdy z wpisów | H80: Must | I80: 5 | J80: MVP | K80: FR-B5, FR-B10 | L80: Zrealizowane — zakres ponad backlog, dopisany 10.08.2026
A81: US-C6 | B81: Historyjka | C81: E3 | D81: Kalendarz i widoki zespołu | E81: Wyszukiwarka osób w topbarze | F81: Jako pracownik chcę szybko znaleźć osobę bez przechodzenia przez kalendarz, aby skrócić drogę do jej nieobecności. | G81: • Wyszukiwanie po nazwisku w zasięgu widoczności użytkownika • Wynik prowadzi wprost do osoby | H81: Could | I81: 2 | J81: Faza 3 | K81: — | L81: Zrealizowane — zakres ponad backlog, dopisany 10.08.2026
A82: US-C7 | B82: Historyjka | C82: E3 | D82: Kalendarz i widoki zespołu | E82: Tryb ciemny interfejsu | F82: Jako pracownik chcę móc przełączyć interfejs w tryb ciemny, aby dopasować go do ustawień stacji roboczej. | G82: • Przełącznik w topbarze • Wybór przeżywa przeładowanie • Pierwsze uruchomienie idzie za ustawieniem systemu • Kontrast AA w obu motywach | H82: Could | I82: 2 | J82: Faza 3 | K82: NFR-7 | L82: Zrealizowane — zakres ponad backlog, dopisany 10.08.2026
... A85: US-I3 | B85: Historyjka | C85: E9 | D85: Audyt i historia | E85: Ekran audytu i rejestru RODO | F85: Jako administrator chcę przeglądać dziennik zdarzeń i rejestr czynności w aplikacji, aby nie sięgać do bazy. | G85: • Podgląd dziennika zmian i zdarzeń bezpieczeństwa • Podgląd rejestru czynności przetwarzania | H85: Should | I85: 3 | J85: Faza 2 | K85: FR-I1, FR-J3 | L85: Zrealizowane — zakres ponad backlog, dopisany 10.08.2026

Sheet Epiki
A1: Epik ID | B1: Nazwa | C1: Cel | D1: Liczba historyjek | E1: Suma story points | F1: Historyjki MVP
A2: E1 | B2: Rejestracja i zarządzanie nieobecnościami | C2: Pracownicy samodzielnie wpisują i edytują nieobecności bez blokad pliku. | D2: =COUNTIFS(Backlog!C:C,A2,Backlog!B:B,"Historyjka") -> 11 | E2: =SUMIFS(Backlog!I:I,Backlog!C:C,A2,Backlog!B:B,"Historyjka") -> 47 | F2: =COUNTIFS(Backlog!C:C,A2,Backlog!B:B,"Historyjka",Backlog!J:J,"MVP") -> 6
A3: E2 | B3: Wyliczenia, pula i balans | C3: Poprawne, odrębne liczenie urlopu dla UoP i B2B/OUT wraz z przypadkami brzegowymi. | D3: =COUNTIFS(Backlog!C:C,A3,Backlog!B:B,"Historyjka") -> 11 | E3: =SUMIFS(Backlog!I:I,Backlog!C:C,A3,Backlog!B:B,"Historyjka") -> 53 | F3: =COUNTIFS(Backlog!C:C,A3,Backlog!B:B,"Historyjka",Backlog!J:J,"MVP") -> 7
A4: E3 | B4: Kalendarz i widoki zespołu | C4: Wspólny, jednolity widok nieobecności w obrębie Tribe. | D4: =COUNTIFS(Backlog!C:C,A4,Backlog!B:B,"Historyjka") -> 7 | E4: =SUMIFS(Backlog!I:I,Backlog!C:C,A4,Backlog!B:B,"Historyjka") -> 27 | F4: =COUNTIFS(Backlog!C:C,A4,Backlog!B:B,"Historyjka",Backlog!J:J,"MVP") -> 2
A5: E4 | B5: Planowanie capacity i sprinty | C5: Wsparcie planowania sprintów i ostrzeganie o ryzyku pokrycia ról. | D5: =COUNTIFS(Backlog!C:C,A5,Backlog!B:B,"Historyjka") -> 4 | E5: =SUMIFS(Backlog!I:I,Backlog!C:C,A5,Backlog!B:B,"Historyjka") -> 18 | F5: =COUNTIFS(Backlog!C:C,A5,Backlog!B:B,"Historyjka",Backlog!J:J,"MVP") -> 3
A6: E5 | B6: Powiadomienia | C6: Informowanie liderów i pracowników o istotnych zdarzeniach. | D6: =COUNTIFS(Backlog!C:C,A6,Backlog!B:B,"Historyjka") -> 5 | E6: =SUMIFS(Backlog!I:I,Backlog!C:C,A6,Backlog!B:B,"Historyjka") -> 15 | F6: =COUNTIFS(Backlog!C:C,A6,Backlog!B:B,"Historyjka",Backlog!J:J,"MVP") -> 1
A7: E6 | B7: Raporty i eksport | C7: Raportowanie z drążeniem hierarchii i eksportem do Excela. | D7: =COUNTIFS(Backlog!C:C,A7,Backlog!B:B,"Historyjka") -> 6 | E7: =SUMIFS(Backlog!I:I,Backlog!C:C,A7,Backlog!B:B,"Historyjka") -> 31 | F7: =COUNTIFS(Backlog!C:C,A7,Backlog!B:B,"Historyjka",Backlog!J:J,"MVP") -> 3
A8: E7 | B8: Administracja | C8: Konfiguracja typów, puli, świąt, struktury i sprintów. | D8: =COUNTIFS(Backlog!C:C,A8,Backlog!B:B,"Historyjka") -> 8 | E8: =SUMIFS(Backlog!I:I,Backlog!C:C,A8,Backlog!B:B,"Historyjka") -> 40 | F8: =COUNTIFS(Backlog!C:C,A8,Backlog!B:B,"Historyjka",Backlog!J:J,"MVP") -> 6
A9: E8 | B9: Uprawnienia, role i logowanie | C9: Kontrola dostępu, delegacja uprawnień i uwierzytelnianie. | D9: =COUNTIFS(Backlog!C:C,A9,Backlog!B:B,"Historyjka") -> 5 | E9: =SUMIFS(Backlog!I:I,Backlog!C:C,A9,Backlog!B:B,"Historyjka") -> 25 | F9: =COUNTIFS(Backlog!C:C,A9,Backlog!B:B,"Historyjka",Backlog!J:J,"MVP") -> 5
A10: E9 | B10: Audyt i historia | C10: Śledzenie zmian i wgląd we własną historię wpisów. | D10: =COUNTIFS(Backlog!C:C,A10,Backlog!B:B,"Historyjka") -> 3 | E10: =SUMIFS(Backlog!I:I,Backlog!C:C,A10,Backlog!B:B,"Historyjka") -> 11 | F10: =COUNTIFS(Backlog!C:C,A10,Backlog!B:B,"Historyjka",Backlog!J:J,"MVP") -> 0
A11: E10 | B11: Bezpieczeństwo i zgodność (RODO) | C11: Ochrona danych o zdrowiu (L4) i zgodność z RODO. | D11: =COUNTIFS(Backlog!C:C,A11,Backlog!B:B,"Historyjka") -> 4 | E11: =SUMIFS(Backlog!I:I,Backlog!C:C,A11,Backlog!B:B,"Historyjka") -> 16 | F11: =COUNTIFS(Backlog!C:C,A11,Backlog!B:B,"Historyjka",Backlog!J:J,"MVP") -> 3
A12: E11 | B12: Platforma i wymagania niefunkcjonalne | C12: Wydajność, bezpieczeństwo, backup, dostępność i analityka. | D12: =COUNTIFS(Backlog!C:C,A12,Backlog!B:B,"Historyjka") -> 9 | E12: =SUMIFS(Backlog!I:I,Backlog!C:C,A12,Backlog!B:B,"Historyjka") -> 40 | F12: =COUNTIFS(Backlog!C:C,A12,Backlog!B:B,"Historyjka",Backlog!J:J,"MVP") -> 5
A13: RAZEM | D13: =SUM(D2:D12) -> 73 | E13: =SUM(E2:E12) -> 323 | F13: =SUM(F2:F12) -> 41

Sheet Legenda
A1: Element | B1: Znaczenie
A2: Priorytet — Must | B2: Konieczne w MVP (zakres minimalny).
A3: Priorytet — Should | B3: Ważne, planowane w Fazie 2.
A4: Priorytet — Could | B4: Opcjonalne, Faza 3 / docelowo.
A5: Priorytet — Won't | B5: Poza zakresem MVP.
A6: Story points | B6: Szacunek złożoności w skali Fibonacciego (1,2,3,5,8,13). Do kalibracji przez zespół.
A7: Faza | B7: Przypisanie do wdrożenia: MVP / Faza 2 / Faza 3 (wg Załącznika C dokumentu wymagań).
A8: Ref. FR/NFR | B8: Odniesienie do wymagania w dokumencie „Wymagania funkcjonalne i niefunkcjonalne v2.0”.
A9: Import do JIRA | B9: Arkusz „Backlog”: kolumna „Typ zgłoszenia” = Epik/Historyjka; „Epik”/„Epik ID” służą do powiązania historyjek z epikami.
A10: Stan wdrożenia — Zrealizowane | B10: Funkcja działa w aplikacji; pokryta testami silnika lub suitą integracyjną.
A11: Stan wdrożenia — ODSTĘPSTWO | B11: Zakres świadomie zawężony w stosunku do wymagania. Wymaga potwierdzenia zamawiającego.
A12: Stan wdrożenia — Niezrealizowane | B12: Nie zbudowane; powód podany w treści komórki.
... A14: Aktualizacja stanu | B14: Kolumna „Stan wdrożenia" odzwierciedla przegląd kodu i przebieg weryfikacji z 10.08.2026.
